Asset,Comparison,T_stat,P_value_Ttest,MannWhitney_U,P_value_MannWhitney
BTC,Pre-Event vs Post-Event,0.8813859528566558,0.37827732108310497,203554.0,0.42938587676346696
BTC,Pre-Event vs Event Day,-0.8867953893991817,0.3754975993379457,,
BTC,Event Day vs Post-Event,1.1528594316504504,0.24936673252147676,,
GOLD,Pre-Event vs Post-Event,0.19270160508238107,0.8472237700167828,199473.0,0.874198884551458
GOLD,Pre-Event vs Event Day,0.3496398093660459,0.7267155625841082,,
GOLD,Event Day vs Post-Event,-0.27758507176126446,0.781413920091804,,
OIL,Pre-Event vs Post-Event,-1.050626283348119,0.29363204366058143,189810.0,0.18097173881414286
OIL,Pre-Event vs Event Day,-0.47541061771521326,0.6346445705446604,,
OIL,Event Day vs Post-Event,0.08982058014200156,0.9284558214502896,,
