Asset,Total_Events,Stable_Events,Stable_Rate,Mean_P_Value,Interpretation
BTC,63,61,0.9682539682539683,0.4459395508576709,Stable
GOLD,62,60,0.967741935483871,0.5181252548419772,Stable
OIL,62,59,0.9516129032258065,0.4828900500411044,Stable
