Period,ACT,THREAT
Post-Ukraine,0.006198222222222224,0.0267260625
Pre-Ukraine,0.022595769230769232,-0.01367496
