Period,Event_Count,Converge_Count,Converge_Rate,Diverge_Count,Diverge_Rate,BTC_GOLD_Converge_Rate,GOLD_OIL_Converge_Rate,BTC_GOLD_Correlation,BTC_OIL_Correlation,GOLD_OIL_Correlation,BTC_CAR_Mean,GOLD_CAR_Mean,OIL_CAR_Mean
Pre-Ukraine (2015-2021),38,6,0.15789473684210525,32,0.8421052631578947,0.4473684210526316,0.5,-0.04174612008440161,-0.00605864893678885,-0.0008060892890950523,-0.017912473684210527,0.0008192105263157903,-0.001266552631578945
Post-Ukraine (2022-2025),25,10,0.4,15,0.6,0.64,0.48,0.17160625349232544,0.0786175809086287,-0.02237733884211132,-0.008937640000000002,0.00744612,0.01933604
